{"cameraMode":{"drawMode":0,"name":"Shaded","section":"Shading Mode"},"sceneLighting":false,"audioPlay":false,"sceneViewState":{"m_AlwaysRefresh":false,"showFog":true,"showSkybox":false,"showFlares":true,"showImageEffects":true,"showParticleSystems":true,"showVisualEffectGraphs":true,"m_FxEnabled":true},"in2DMode":false,"pivot":{"x":-0.04039663076400757,"y":-0.01553201675415039,"z":0.003011941909790039},"rotation":{"x":-0.01404826994985342,"y":0.961026668548584,"z":-0.05026135593652725,"w":-0.2712709307670593},"size":3.5567245483398439,"orthographic":false}