{"cameraMode":{"drawMode":0,"name":"Shaded","section":"Shading Mode"},"sceneLighting":false,"audioPlay":false,"sceneViewState":{"m_AlwaysRefresh":false,"showFog":true,"showSkybox":false,"showFlares":true,"showImageEffects":true,"showParticleSystems":true,"showVisualEffectGraphs":true,"m_FxEnabled":true},"in2DMode":false,"pivot":{"x":0.04123375564813614,"y":0.20825456082820893,"z":0.4394014775753021},"rotation":{"x":0.06034453213214874,"y":-0.7244738340377808,"z":0.06417994946241379,"w":0.6835517883300781},"size":0.8609013557434082,"orthographic":false}