{"cameraMode":{"drawMode":0,"name":"Shaded","section":"Shading Mode"},"sceneLighting":false,"audioPlay":false,"sceneViewState":{"m_AlwaysRefresh":false,"showFog":true,"showSkybox":false,"showFlares":true,"showImageEffects":true,"showParticleSystems":true,"showVisualEffectGraphs":true,"m_FxEnabled":true},"in2DMode":false,"pivot":{"x":0.023525580763816835,"y":-0.006901592016220093,"z":0.06063656508922577},"rotation":{"x":-0.01404826994985342,"y":0.961026668548584,"z":-0.05026135593652725,"w":-0.2712709307670593},"size":0.4259796142578125,"orthographic":false}