{"cameraMode":{"drawMode":0,"name":"Shaded","section":"Shading Mode"},"sceneLighting":false,"audioPlay":false,"sceneViewState":{"m_AlwaysRefresh":false,"showFog":true,"showSkybox":false,"showFlares":true,"showImageEffects":true,"showParticleSystems":true,"showVisualEffectGraphs":true,"m_FxEnabled":true},"in2DMode":false,"pivot":{"x":-0.07866859436035156,"y":3.254599094390869,"z":0.24911093711853028},"rotation":{"x":0.01075898390263319,"y":0.9499069452285767,"z":-0.03246975317597389,"w":0.3104601502418518},"size":5.077394962310791,"orthographic":false}